INSERT INTO users(id,username,user_email,password) VALUES('01HHP4GVCVN1P5FY8YYX9YXKN8','testingForUser','testingForUser@gmail.com', '$2a$10$aDHsi/qQBce4WL8IoPSjQ.IBYXgG8MJpZBBGyQ2H1oFJLufkTsfPW');
--JWT:eyJhbGciOiJIUzI1NiIsInR5cCI6IkpXVCJ9.eyJpc3MiOiJhZG1pbiIsInVzZXJJZCI6IjAxSEhQNEdWQ1ZOMVA1Rlk4WVlYOVlYS044IiwiaWF0IjoxNzAyOTUxNjI2LCJleHAiOjE3MDQyNjc3NjF9.q27M8jcjuRgy4pDhJ7I1gjs05AM0OVdYl5Eqmt7gosY
--pw: "123"
INSERT INTO users(id,username,user_email,password) VALUES('01HHAWPJ6068YT0685RZ5AY3XF','su','test@gmail.com','$2a$10$xoRl/KKuoriNmgsoZwsrMOwm.5I02Wr/apjqn6hIpI0fhanUBMEwS');
INSERT INTO users(id,username,user_email,password) VALUES('01HHQ61P480SRGXG5130R22B53','testingForUser2','testingForUser2@gmail.com','$2a$10$aDHsi/qQBce4WL8IoPSjQ.IBYXgG8MJpZBBGyQ2H1oFJLufkTsfPW');
--JWT: eyJhbGciOiJIUzI1NiIsInR5cCI6IkpXVCJ9.eyJpc3MiOiJhZG1pbiIsInVzZXJJZCI6IjAxSEhRNjFQNDgwU1JHWEc1MTMwUjIyQjUzIiwiaWF0IjoxNzAyOTUxNjM5LCJleHAiOjE3MDQyNjc3NzR9.-4G3ChpYL1nueUDyoNIqtFfYMPHusyj8BjGAS6neo4A
--pw: "123"
INSERT INTO users(id,username,user_email,password) VALUES('01HHZYNJ8DRPKVRT1YY0Z9TRHN','FredyU','fredy@user.com','$2a$10$aDHsi/qQBce4WL8IoPSjQ.IBYXgG8MJpZBBGyQ2H1oFJLufkTsfPW');
--JWT: eyJhbGciOiJIUzI1NiIsInR5cCI6IkpXVCJ9.eyJpc3MiOiJhZG1pbiIsInVzZXJJZCI6IjAxSEhaWU5KOERSUEtWUlQxWVkwWjlUUkhOIiwiaWF0IjoxNzAyOTU1NjYyLCJleHAiOjE3MDQyNzE3OTZ9.vaWwQnGff24gRZNuhRGfVkLenk3P8VTa8GUQkSaAFw4
--pw: "123"
INSERT INTO users(id,username,user_email,password) VALUES('01HHZYZJMQT1F9SF92P0WCHDNJ','FredyP','fredy@provider.com','$2a$10$aDHsi/qQBce4WL8IoPSjQ.IBYXgG8MJpZBBGyQ2H1oFJLufkTsfPW');
--JWT: eyJhbGciOiJIUzI1NiIsInR5cCI6IkpXVCJ9.eyJpc3MiOiJhZG1pbiIsInVzZXJJZCI6IjAxSEhaWVpKTVFUMUY5U0Y5MlAwV0NIRE5KIiwiaWF0IjoxNzAyOTUzODAyLCJleHAiOjE3MDQyNjk5MzZ9.lZBHx7IYpy3fx5Mb1PK3-lcE7fLJB_4ockJqFmimnuQ
--pw: "123"
INSERT INTO users(id,username,user_email,password) VALUES('01HHZYZTY556HJ3C8YD8GHHP1Y','ElaineU','elaine@user.com','$2a$10$aDHsi/qQBce4WL8IoPSjQ.IBYXgG8MJpZBBGyQ2H1oFJLufkTsfPW');
--JWT: eyJhbGciOiJIUzI1NiIsInR5cCI6IkpXVCJ9.eyJpc3MiOiJhZG1pbiIsInVzZXJJZCI6IjAxSEhaWVpUWTU1NkhKM0M4WUQ4R0hIUDFZIiwiaWF0IjoxNzAyOTUzODE2LCJleHAiOjE3MDQyNjk5NTF9.4h5TpjrMxrTOJ23a1-Wdbl2T5NNiOaG8pn-nnOlC5ik
--pw: "123"
INSERT INTO users(id,username,user_email,password) VALUES('01HHZYZY2PSD07ZQS50FC2D33E','ElaineP','elaine@provider.com','$2a$10$aDHsi/qQBce4WL8IoPSjQ.IBYXgG8MJpZBBGyQ2H1oFJLufkTsfPW');
--JWT: eyJhbGciOiJIUzI1NiIsInR5cCI6IkpXVCJ9.eyJpc3MiOiJhZG1pbiIsInVzZXJJZCI6IjAxSEhaWVpZMlBTRDA3WlFTNTBGQzJEMzNFIiwiaWF0IjoxNzAyOTUzODMwLCJleHAiOjE3MDQyNjk5NjV9.k_XlzXqhvXdIMBwAWaF0MUNLdRPJ7IhIW-4WeJQyAqw
--pw: "123"

INSERT INTO users(id,username,user_email,password) VALUES('01HHZZ015SVZVDH4XTZCYCJMW0','Nic','nic@gmail.com','$2a$10$aDHsi/qQBce4WL8IoPSjQ.IBYXgG8MJpZBBGyQ2H1oFJLufkTsfPW');
--JWT: eyJhbGciOiJIUzI1NiIsInR5cCI6IkpXVCJ9.eyJpc3MiOiJhZG1pbiIsInVzZXJJZCI6IjAxSEhaWjAxNVNWWlZESDRYVFpDWUNKTVcwIiwiaWF0IjoxNzAyOTUzODQ5LCJleHAiOjE3MDQyNjk5ODR9.HyEZdN1_402M8UlRmZjXnVI7tIMdNcHp9EibLihk-Qo
--pw: "123"


INSERT INTO status(status_name) VALUES ('pending'),('in-progress'),('aborted'),('rejected'),('completed'),('open'),('closed');
--added open and closed

INSERT INTO order_status(order_status) VALUES ('created'),('in-progress'),('shipped'),('completed'),('cancelled');

INSERT INTO location(location_name) VALUES   ('🇺🇸 United States'),
                                             ('🇨🇳 China'),
                                             ('🇯🇵 Japan'),
                                             ('🇬🇧 United Kingdom'),
                                             ('🇫🇷 France'),
                                             ('🇩🇪 Germany '),
                                             ('🇦🇪 United Arab Emirates'),
                                             ('🇰🇷 South Korea'),
                                             ('🇮🇹 Italy '),
                                             ('🇸🇬 Singapore');

--INSERT INTO provider_verification(user_id, status_id,provider_id, id_document, address_document) VALUES ('1', '1', '1','A123456', '123 Fake Street');

--INSERT INTO provider(id,user_id,location_id,star_of_efficiency,star_of_attitude ) VALUES ('1', '1', '1', '5','5');

INSERT INTO logistic_company(company_name, company_url, provider_id) VALUES ('DHL', 'https://www.dhl.com', NULL),
                                                        ('FedEx', 'https://www.fedex.com', NULL),
                                                        ('UPS', 'https://www.ups.com', NULL),
                                                        ('TNT Express', 'https://www.tnt.com', NULL),
                                                        ('SF Express', 'https://www.sf-express.com', NULL);

INSERT INTO category(category_name) VALUES ('Clothes'),('Figure');

INSERT INTO category_field(category_id, is_option,category_field_name) VALUES ('1',TRUE,'apparelType'),
                                                                               ('1',TRUE,'gender'),
                                                                                ('1',TRUE,'size'),
                                                                                 ('1',TRUE,'color'),
                                                                                  ('1', FALSE, 'brand');



INSERT INTO category_field_option(category_field_id, category_field_option_name) VALUES ('1','T-shirt'),
                                                                                 ('1','Jeans'),
                                                                                 ('1','Dress'),
                                                                                 ('2','Men'),
                                                                                 ('2','Women'),
                                                                                 ('3','Small'),
                                                                                 ('3','Medium'),
                                                                                 ('3','Large'),
                                                                                 ('4','Red'),
                                                                                 ('4','Blue'),
                                                                                 ('4','Green'),
                                                                                 ('4','Yellow'),
                                                                                 ('4','Orange'),
                                                                                 ('4','Purple'),
                                                                                 ('4','Pink'),
                                                                                 ('4','Black'),
                                                                                 ('4','White'),
                                                                                 ('4','Gray');

INSERT INTO request(id, created_by, location_id, category_id, item, item_detail, url, quantity, request_remark, offer_price, has_offer, is_active, created_at, updated_at, primary_image)VALUES
 ('01HHKFYXSSTKGTSGJ4TPMC096E','01HHQ61P480SRGXG5130R22B53', 1, 1, 'clothes', '{"size": "M", "color": "Black", "gender": "Men", "apparelType": "T-shirt"}', 'https://www.uniqlo.com.hk/zh_HK/product-detail.html?productCode=u0000000028366', 1, 'MEN 2WAY SINGLE BREASTED COAT', 900, FALSE, true, '2023-12-12 20:20:17.367665', '2023-12-12 20:20:17.367665', 'https://www.uniqlo.com.hk/hmall/test/u0000000028366/main/first/561/1.jpg'),
 ('01HHKFYXST6C48MQ886K9EARM5','01HHQ61P480SRGXG5130R22B53', 1, 1, 'clothes', '{"size": "L", "color": "blue", "gender": "Men", "apparelType": "T-shirt"}', 'https://www.uniqlo.com.hk/zh_HK/product-detail.html?productCode=u0000000027647', 1, '男裝 孖襟大衣', 3000, FALSE, true, '2023-12-12 20:21:05.972918', '2023-12-12 20:21:05.972918','https://www.uniqlo.com.hk/hmall/test/u0000000027647/main/first/561/1.jpg'),
 ('01HHKFYXSTSBKPZX0HYDZ85KDE','01HHP4GVCVN1P5FY8YYX9YXKN8', 1, 1, 'clothes', '{"size": "S", "color": "blue", "gender": "Men", "apparelType": "T-shirt"}', 'https://www.uniqlo.com.hk/zh_HK/product-detail.html?productCode=u0000000027999', 1, '男女通用 PEANUTS You Can Be Anything!', 300, FALSE, true, '2023-12-12 20:21:59.936233', '2023-12-12 20:21:59.936233','https://www.uniqlo.com.hk/hmall/test/u0000000027999/main/first/561/1.jpg'),
 ('01HHKFYXSVSNSZ8BJ14YSCR16H', '01HHP4GVCVN1P5FY8YYX9YXKN8',1, 1, 'clothes', '{"size": "S", "color": "blue", "gender": "Men", "apparelType": "T-shirt"}', 'https://www.uniqlo.com.hk/zh_HK/product-detail.html?productCode=u0000000028005', 1, '男女通用 PEANUTS You Can Be Anything!', 1900, FALSE, true, '2023-12-12 20:22:39.631992', '2023-12-12 20:22:39.631992', 'https://www.uniqlo.com.hk/hmall/test/u0000000028005/main/first/561/1.jpg'),
 ('01HHKFYXSV27CNWMTV5QDDFWCB', '01HHQ61P480SRGXG5130R22B53',1, 2, 'Figure', null, 'https://www.amazon.com/YOUNAI-Action-Figure-Decoration-Figurine/dp/B0BR9YDRPS/ref=sr_1_1_sspa?keywords=luffy+figure&qid=1702895497&sr=8-1-spons&sp_csd=d2lkZ2V0TmFtZT1zcF9hdGY&psc=1', 1, 'YOUNAI Anime Action Figure, LX Luffy Figure Decoration Statue Figurine Model Toy Gift', 1900, FALSE, true, '2023-12-12 20:22:54.04832', '2023-12-12 20:22:54.04832', 'https://m.media-amazon.com/images/W/MEDIAX_792452-T2/images/I/71xSJoU941L._AC_SL1500_.jpg'),
 ('01HJ0BWPRWKP8PKNRXMYVP0ZPG', '01HHZYNJ8DRPKVRT1YY0Z9TRHN',1, 2, 'Figure', null, 'https://www.amazon.com/Asoucou-Thousand-Sculpture-Realistic-Character/dp/B0BKLB55YP/ref=sr_1_1?crid=2HREX2JJSITXC&keywords=zoro%2Bfigure&qid=1702965006&sprefix=solo%2Bfigu%2Caps%2C379&sr=8-1&th=1', 1, 'Asoucou Zoro Figure, Anime Action Figure', 1900, FALSE, true, '2023-12-12 20:22:54.04832', '2023-12-12 20:22:54.04832', 'https://m.media-amazon.com/images/W/MEDIAX_792452-T2/images/I/61nVkA8p7VL._AC_SL1002_.jpg'),
 ('01HJ0A6HM4RKRA69S9DHJKC5AY', '01HHZYZTY556HJ3C8YD8GHHP1Y',1, 1, 'clothes', '{"size": "S", "color": "Black", "gender": "Women", "apparelType": "Dress"}', 'https://hk.louisvuitton.com/zht-hk/products/eyelet-tab-dress-nvprod4940317v/1AFGEC', 1, '穿孔飾片連身裙', 16500, FALSE, true, '2023-12-12 20:22:54.04832', '2023-12-12 20:22:54.04832', 'https://hk.louisvuitton.com/images/is/image/lv/1/PP_VP_L/%E8%B7%AF%E6%98%93%E5%A8%81%E7%99%BB-%E7%A9%BF%E5%AD%94%E9%A3%BE%E7%89%87%E9%80%A3%E8%BA%AB%E8%A3%99-%E6%99%82%E8%A3%9D%E7%B3%BB%E5%88%97--FQJD12GXW900_PM2_Front%20view.png?wid=1440&hei=1440'),
 ('01HJ0P24F0S4GP1MTESN4CQAH8', '01HHZYZTY556HJ3C8YD8GHHP1Y',1, 1, 'clothes', '{"size": "S", "color": "Black", "gender": "Women", "apparelType": "Dress"}', 'https://hk.louisvuitton.com/zht-hk/products/long-sleeved-tiered-dress-nvprod4940305v/1AFGAL', 1, '穿孔飾片連身裙', 16500, FALSE, true, '2023-12-12 20:22:54.04832', '2023-12-12 20:22:54.04832', 'https://hk.louisvuitton.com/images/is/image/lv/1/PP_VP_L/%E8%B7%AF%E6%98%93%E5%A8%81%E7%99%BB-%E9%95%B7%E8%A2%96%E5%B1%A4%E6%AC%A1%E9%80%A3%E8%BA%AB%E8%A3%99-%E6%99%82%E8%A3%9D%E7%B3%BB%E5%88%97--FQDR36AKM900_PM1_Cropped%20worn%20view.png?wid=1440&hei=1440'),
 ('01HJ0P7HJTBSN5TZ91035BT3TZ', '01HHZYZTY556HJ3C8YD8GHHP1Y',1, 1, 'clothes', '{"size": "S", "color": "Black", "gender": "Women", "apparelType": "Dress"}', 'https://www.chanel.com/hk-zh/fashion/p/P76290V68068NS941/dress-glittered-cotton-tweed/', 1, 'DIOR 閃亮棉質斜紋軟呢白及多色', 79400, FALSE, true, '2023-12-12 20:22:54.04832', '2023-12-12 20:22:54.04832', 'https://www.chanel.com/images//t_one///q_auto:good,f_auto,fl_lossy,dpr_1.1/w_1240/dress-white-multicolor-glittered-cotton-tweed-glittered-cotton-tweed-packshot-default-p76290v68068ns941-9535443370014.jpg'),
 ('01HJ0PFDW43EWKV9B54CBKZKER', '01HHZYZJMQT1F9SF92P0WCHDNJ',1, 2, 'Figure', null, 'https://na.store.square-enix-games.com/final-fantasy-vii-bring-arts-action-figure---cloud-strife', 1, 'FINAL FANTASY VII BRING ARTS ACTION FIGURE - CLOUD STRIFE', 1900, FALSE, true, '2023-12-12 20:22:54.04832', '2023-12-12 20:22:54.04832', 'https://cdn11.bigcommerce.com/s-6rs11v9w2d/images/stencil/1280x1280/products/2316/7705/FF7_BA_CLOUD_01__25305.1673464521.jpg?c=1'),
 ('01HJ0PJVWFPJ9KS3SYA0W6YTBR', '01HHZYZJMQT1F9SF92P0WCHDNJ',1, 2, 'Figure', null, 'https://na.store.square-enix-games.com/final-fantasy-xvi-bring-arts-action-figure---joshua-rosfield', 1, 'FINAL FANTASY XVI BRING ARTS ACTION FIGURE - JOSHUA ROSFIELD', 2000, FALSE, true, '2023-12-12 20:22:54.04832', '2023-12-12 20:22:54.04832', 'https://cdn11.bigcommerce.com/s-6rs11v9w2d/images/stencil/1280x1280/products/3144/16394/JOSHUA_ROSFIELD_01__82324.1702518560.jpg?c=1'),
 ('01HJ0PSAES0318BGZP4AV2SMB2', '01HHZZ015SVZVDH4XTZCYCJMW0',1, 2, 'Figure', null, 'https://na.store.square-enix-games.com/kingdom_hearts_iii_knitted_plush_king_mickey', 1, 'KINGDOM HEARTS III Knitted Plush KING MICKEY', 700, FALSE, true, '2023-12-12 20:22:54.04832', '2023-12-12 20:22:54.04832', 'https://cdn11.bigcommerce.com/s-6rs11v9w2d/images/stencil/1280x1280/products/3132/16353/KINGDOM_HEARTS_III__Knitted_Plush_-_KING_MICKEY_01__26333.1698956703.jpg?c=1'),
 ('01HJ0PV70HPFMH9F6ZVJK3FNVW', '01HHZZ015SVZVDH4XTZCYCJMW0',1, 2, 'Figure', null, 'https://na.store.square-enix-games.com/final_fantasy_vii_remake_knitted_plush_-_red_xiii', 1, 'FINAL FANTASY VII REMAKE Knitted Plush - RED XIII', 1700, FALSE, true, '2023-12-12 20:22:54.04832', '2023-12-12 20:22:54.04832', 'https://cdn11.bigcommerce.com/s-6rs11v9w2d/images/stencil/1280x1280/products/3133/16358/FINAL_FANTASY_VII_REMAKE__Knitted_Plush_-_RED_XIII_01__78830.1698956715.jpg?c=1'),
 ('01HHV1H3RCJYR25XJWX37NPCQJ', '01HHZYNJ8DRPKVRT1YY0Z9TRHN',1, 2, 'Figure', null, 'https://www.amazon.com/ANIME-HEROES-Monkey-Renewal-Version/dp/B0CCXQ9H1W/ref=sr_1_2?keywords=luffy%2Bfigure&qid=1702895497&sr=8-2&th=1', 1, 'ANIME HEROES - One Piece - Monkey D. Luffy Renewal Version Action Figure', 1900, true, true, '2023-12-12 20:22:54.04832', '2023-12-12 20:22:54.04832', 'https://m.media-amazon.com/images/W/MEDIAX_792452-T2/images/I/71LRuKUEGRL._AC_SL1500_.jpg');
-- 01HHV1H3RCJYR25XJWX37NPCQJ has offer

INSERT INTO user_address(id, user_id, address, is_primary) VALUES
 ('1','01HHMV7DKG4Z9JNT1P8DESHW8X','13/f, 11 kennedy Road',false),
 ('2','01HHP4GVCVN1P5FY8YYX9YXKN8','flat a,19/f, 8 Star Street',true),
 ('3','01HHMV7DKG4Z9JNT1P8DESHW8X','Rm B, house A, 17 Bowen Rd',false),
 ('5','01HHP4GVCVN1P5FY8YYX9YXKN8','Rm B ,5/f, Eva Court ,36 Macdonnell Rd',false),
 ('6','01HHMV7DKG4Z9JNT1P8DESHW8X','Rm C, Manly Mansion, Robinson Rd',false),
  ('7','01HHZYNJ8DRPKVRT1YY0Z9TRHN','13/f, 11 kennedy Road',false),
  ('8','01HHZYNJ8DRPKVRT1YY0Z9TRHN','flat a,19/f, 8 Star Street',true),
  ('9','01HHZYNJ8DRPKVRT1YY0Z9TRHN','Rm B, house A, 17 Bowen Rd',false),
  ('10','01HHZYNJ8DRPKVRT1YY0Z9TRHN','Rm B ,5/f, Eva Court ,36 Macdonnell Rd',false),
  ('11','01HHZYNJ8DRPKVRT1YY0Z9TRHN','Rm C, Manly Mansion, Robinson Rd',false);

 INSERT INTO image (request_id, image_path, is_active) VALUES
 ('01HHKFYXSSTKGTSGJ4TPMC096E','https://www.uniqlo.com.hk/hmall/test/u0000000028366/main/other2/480/3.jpg',true),
 ('01HHKFYXSSTKGTSGJ4TPMC096E','https://www.uniqlo.com.hk/hmall/test/u0000000028366/main/other2/480/4.jpg',true),
 ('01HHKFYXSSTKGTSGJ4TPMC096E','https://www.uniqlo.com.hk/hmall/test/u0000000028366/main/other2/480/5.jpg',true),
 ('01HHKFYXST6C48MQ886K9EARM5','https://www.uniqlo.com.hk/hmall/test/u0000000027647/main/first/561/2.jpg',true),
 ('01HHKFYXST6C48MQ886K9EARM5','https://www.uniqlo.com.hk/hmall/test/u0000000027647/main/first/561/3.jpg',true),
 ('01HHKFYXST6C48MQ886K9EARM5','https://www.uniqlo.com.hk/hmall/test/u0000000027647/main/first/561/4.jpg',true),
 ('01HHKFYXSTSBKPZX0HYDZ85KDE','https://www.uniqlo.com.hk/hmall/test/u0000000027999/main/first/561/2.jpg',true),
 ('01HHKFYXSTSBKPZX0HYDZ85KDE','https://www.uniqlo.com.hk/hmall/test/u0000000027999/main/first/561/3.jpg',true),
 ('01HHKFYXSTSBKPZX0HYDZ85KDE','https://www.uniqlo.com.hk/hmall/test/u0000000027999/main/first/561/4.jpg',true),
 ('01HHKFYXSVSNSZ8BJ14YSCR16H','https://www.uniqlo.com.hk/hmall/test/u0000000028005/main/first/561/2.jpg',true),
 ('01HHKFYXSVSNSZ8BJ14YSCR16H','https://www.uniqlo.com.hk/hmall/test/u0000000028005/main/first/561/3.jpg',true),
 ('01HHKFYXSVSNSZ8BJ14YSCR16H','https://www.uniqlo.com.hk/hmall/test/u0000000028005/main/first/561/4.jpg',true),
 ('01HHKFYXSV27CNWMTV5QDDFWCB','https://m.media-amazon.com/images/W/MEDIAX_792452-T2/images/I/71CWSymDYJL._AC_SL1500_.jpg',true),
 ('01HHKFYXSV27CNWMTV5QDDFWCB','https://m.media-amazon.com/images/W/MEDIAX_792452-T2/images/I/71gKOUQyrDL._AC_SL1500_.jpg',true),
 ('01HHKFYXSV27CNWMTV5QDDFWCB','https://m.media-amazon.com/images/W/MEDIAX_792452-T2/images/I/71delv70wyL._AC_SL1500_.jpg',true),
 ('01HHKFYXSV27CNWMTV5QDDFWCB','https://m.media-amazon.com/images/W/MEDIAX_792452-T2/images/I/81DzUtbKrYL._AC_SL1500_.jpg',true),
 ('01HJ0BWPRWKP8PKNRXMYVP0ZPG','https://m.media-amazon.com/images/W/MEDIAX_792452-T2/images/I/51qmBCdwSQL._AC_.jpg',true),
 ('01HJ0BWPRWKP8PKNRXMYVP0ZPG','https://m.media-amazon.com/images/W/MEDIAX_792452-T2/images/I/51gTVwCcsrL._AC_.jpg',true),
 ('01HJ0BWPRWKP8PKNRXMYVP0ZPG','https://m.media-amazon.com/images/W/MEDIAX_792452-T2/images/I/61ZZjpXcPDL._AC_.jpg',true),
 ('01HJ0BWPRWKP8PKNRXMYVP0ZPG','https://m.media-amazon.com/images/W/MEDIAX_792452-T2/images/I/51wQJ8sinjL._AC_.jpg',true),
 ('01HJ0A6HM4RKRA69S9DHJKC5AY','https://hk.louisvuitton.com/images/is/image/lv/1/PP_VP_L/%E8%B7%AF%E6%98%93%E5%A8%81%E7%99%BB-%E7%A9%BF%E5%AD%94%E9%A3%BE%E7%89%87%E9%80%A3%E8%BA%AB%E8%A3%99-%E6%99%82%E8%A3%9D%E7%B3%BB%E5%88%97--FQJD12GXW900_PM1_Cropped%20worn%20view.png?wid=1440&hei=1440',true),
 ('01HJ0P24F0S4GP1MTESN4CQAH8','https://hk.louisvuitton.com/images/is/image/lv/1/PP_VP_L/%E8%B7%AF%E6%98%93%E5%A8%81%E7%99%BB-%E9%95%B7%E8%A2%96%E5%B1%A4%E6%AC%A1%E9%80%A3%E8%BA%AB%E8%A3%99-%E6%99%82%E8%A3%9D%E7%B3%BB%E5%88%97--FQDR36AKM900_PM1_Ambiance%20view.png?wid=1440&hei=1440',true),
 ('01HJ0P7HJTBSN5TZ91035BT3TZ','https://www.chanel.com/images//t_one///q_auto:good,f_auto,fl_lossy,dpr_1.1/w_1240/dress-white-multicolor-glittered-cotton-tweed-glittered-cotton-tweed-packshot-alternative-p76290v68068ns941-9535823020062.jpg',true),
 ('01HJ0P7HJTBSN5TZ91035BT3TZ','https://www.chanel.com/images//t_one///q_auto:good,f_auto,fl_lossy,dpr_1.1/w_1240/dress-white-multicolor-glittered-cotton-tweed-glittered-cotton-tweed-packshot-other-p76290v68068ns941-9535821840414.jpg',true),
 ('01HJ0PFDW43EWKV9B54CBKZKER','https://cdn11.bigcommerce.com/s-6rs11v9w2d/images/stencil/1280x1280/products/2316/7699/FF7_BA_CLOUD_04__65226.1673464513.jpg?c=1',true),
 ('01HJ0PFDW43EWKV9B54CBKZKER','https://cdn11.bigcommerce.com/s-6rs11v9w2d/images/stencil/1280x1280/products/2316/7700/FF7_BA_CLOUD_03__20710.1673464514.jpg?c=1',true),
 ('01HJ0PFDW43EWKV9B54CBKZKER','https://cdn11.bigcommerce.com/s-6rs11v9w2d/images/stencil/1280x1280/products/2316/7698/FF7_BA_CLOUD_02__70889.1673464512.jpg?c=1',true),
 ('01HJ0PJVWFPJ9KS3SYA0W6YTBR','https://cdn11.bigcommerce.com/s-6rs11v9w2d/images/stencil/1280x1280/products/3144/16397/JOSHUA_ROSFIELD_05__61897.1702518564.jpg?c=1',true),
 ('01HJ0PJVWFPJ9KS3SYA0W6YTBR','https://cdn11.bigcommerce.com/s-6rs11v9w2d/images/stencil/1280x1280/products/3144/16396/JOSHUA_ROSFIELD_03__79362.1702518563.jpg?c=1',true),
 ('01HJ0PJVWFPJ9KS3SYA0W6YTBR','https://cdn11.bigcommerce.com/s-6rs11v9w2d/images/stencil/1280x1280/products/3144/16396/JOSHUA_ROSFIELD_04__79362.1702518563.jpg?c=1',true),
 ('01HJ0PJVWFPJ9KS3SYA0W6YTBR','https://cdn11.bigcommerce.com/s-6rs11v9w2d/images/stencil/1280x1280/products/3144/16396/JOSHUA_ROSFIELD_06__79362.1702518563.jpg?c=1',true),
 ('01HJ0PSAES0318BGZP4AV2SMB2','https://cdn11.bigcommerce.com/s-6rs11v9w2d/images/stencil/1280x1280/products/3132/16353/KINGDOM_HEARTS_III__Knitted_Plush_-_KING_MICKEY_02__26333.1698956703.jpg?c=1',true),
 ('01HJ0PSAES0318BGZP4AV2SMB2','https://cdn11.bigcommerce.com/s-6rs11v9w2d/images/stencil/1280x1280/products/3132/16353/KINGDOM_HEARTS_III__Knitted_Plush_-_KING_MICKEY_03__26333.1698956703.jpg?c=1',true),
 ('01HJ0PSAES0318BGZP4AV2SMB2','https://cdn11.bigcommerce.com/s-6rs11v9w2d/images/stencil/1280x1280/products/3132/16353/KINGDOM_HEARTS_III__Knitted_Plush_-_KING_MICKEY_04__26333.1698956703.jpg?c=1',true),
 ('01HJ0PSAES0318BGZP4AV2SMB2','https://cdn11.bigcommerce.com/s-6rs11v9w2d/images/stencil/1280x1280/products/3132/16353/KINGDOM_HEARTS_III__Knitted_Plush_-_KING_MICKEY_05__26333.1698956703.jpg?c=1',true),
 ('01HJ0PV70HPFMH9F6ZVJK3FNVW','https://cdn11.bigcommerce.com/s-6rs11v9w2d/images/stencil/1280x1280/products/3133/16358/FINAL_FANTASY_VII_REMAKE__Knitted_Plush_-_RED_XIII_02__78830.1698956715.jpg?c=1',true),
 ('01HJ0PV70HPFMH9F6ZVJK3FNVW','https://cdn11.bigcommerce.com/s-6rs11v9w2d/images/stencil/1280x1280/products/3133/16358/FINAL_FANTASY_VII_REMAKE__Knitted_Plush_-_RED_XIII_03__78830.1698956715.jpg?c=1',true),
 ('01HHV1H3RCJYR25XJWX37NPCQJ','https://m.media-amazon.com/images/W/MEDIAX_792452-T2/images/I/71Hf77Rs3DL._AC_SL1500_.jpg',true),
 ('01HHV1H3RCJYR25XJWX37NPCQJ','https://m.media-amazon.com/images/W/MEDIAX_792452-T2/images/I/71TkSqQa2FL._AC_SL1500_.jpg',true);



--INSERT INTO provider_verification (user_id, status_id,provider_id, id_document, address_document) VALUES
-- ('01HHMV7DKG4Z9JNT1P8DESHW8X', '4','1', 'A654321', '321 HAHA Street');

INSERT INTO provider (id, user_id, location_id, star_of_efficiency, star_of_attitude) VALUES
('01HHMV7DKG4Z9JNT1P8DESHW8R', '01HHMV7DKG4Z9JNT1P8DESHW8X', '1', '5','5');


 INSERT INTO user_payment_method (id, user_id, payment_method, card_no, card_holder_name, expiry_date) VALUES
 ('1','01HHMV7DKG4Z9JNT1P8DESHW8X','Visa','1234567890123456','testing','12/22'),
 ('2','01HHMV7DKG4Z9JNT1P8DESHW8X','Master','1234567890123456','testing','12/22'),
 ('3','01HHMV7DKG4Z9JNT1P8DESHW8X','American Express','1234567890123456','testing','12/22'),
 ('4','01HHMV7DKG4Z9JNT1P8DESHW8X','Union Pay','1234567890123456','testing','12/22'),
 ('5','01HHMV7DKG4Z9JNT1P8DESHW8X','Paypal','1234567890123456','testing','12/22'),
 ('6','01HHZYNJ8DRPKVRT1YY0Z9TRHN','Visa','1234567890123456','testing','12/22'),
 ('7','01HHZYNJ8DRPKVRT1YY0Z9TRHN','Master','1234567890123456','testing','12/22'),
 ('8','01HHZYNJ8DRPKVRT1YY0Z9TRHN','American Express','1234567890123456','testing','12/22'),
 ('9','01HHZYNJ8DRPKVRT1YY0Z9TRHN','Union Pay','1234567890123456','testing','12/22'),
 ('10','01HHZYNJ8DRPKVRT1YY0Z9TRHN','Paypal','1234567890123456','testing','12/22');



--testing provider
INSERT INTO users (id, username, user_email, password) VALUES
 ('01HHQRCV54C81AAERBR58E2DAN', 'kdl@gmail.com', 'kdl@gmail.com', '$2a$10$JScQcGKhFIvXLkPzLdE5/.NXPstdQnmj/csKoMrDuTmoRskfTx3V6');
--user_id:01HHQRCV54C81AAERBR58E2DAN
--password: "1234"
--JWT: eyJhbGciOiJIUzI

INSERT INTO provider (id, user_id, location_id, star_of_efficiency, star_of_attitude) VALUES
('01HHZZ3JA9T4DAR2BWYK6VNYH0', '01HHZYZY2PSD07ZQS50FC2D33E', '1','5','5'),
--FredyP
('01HJ016MJHEPFWWTA19JQ7Q2Q8', '01HHZYZJMQT1F9SF92P0WCHDNJ', '1','5','5'),
--ElaineP
('01HJ017JH7A2J9XYPTY64YG5EK', '01HHZYZY2PSD07ZQS50FC2D33E', '1','5','5');




